City_ID,City,Country,Lat,Lng,Max Temp,Humidity,Cloudiness,Wind Speed,Current Description
0,Khatanga,RU,71.9667,102.5,-10.5,97,100,13.94,overcast clouds
1,Kapaa,US,22.0752,-159.319,81.1,71,75,17.27,broken clouds
2,Punta Arenas,CL,-53.15,-70.9167,59.11,55,40,8.05,scattered clouds
3,Ushuaia,AR,-54.8,-68.3,56.82,76,0,3.44,clear sky
4,Bluff,NZ,-46.6,168.3333,62.8,59,76,11.9,light rain
5,Atuona,PF,-9.8,-139.0333,77.97,75,27,17.49,scattered clouds
6,Saint George,US,37.1041,-113.5841,54.19,32,0,3.44,clear sky
7,Jatai,BR,-17.8814,-51.7144,71.71,77,75,1.12,broken clouds
8,Oistins,BB,13.0667,-59.5333,82.49,78,40,24.16,scattered clouds
9,Cape Town,ZA,-33.9258,18.4232,63.27,69,0,1.99,clear sky
10,Jamestown,US,42.097,-79.2353,35.19,65,100,3.44,overcast clouds
11,Tuktoyaktuk,CA,69.4541,-133.0374,17.6,93,100,17.27,light snow
12,Upernavik,GL,72.7868,-56.1549,23.27,86,100,19.28,overcast clouds
13,Butaritari,KI,3.0707,172.7902,80.24,81,66,10.27,broken clouds
14,Portland,US,45.5234,-122.6762,56.28,54,20,20.71,few clouds
15,Kimbe,PG,-5.5502,150.1429,88.25,59,43,2.84,scattered clouds
16,Vaini,TO,-21.2,-175.2,82.56,78,40,8.05,scattered clouds
17,Tasiilaq,GL,65.6145,-37.6368,33.96,96,100,5.68,overcast clouds
18,Mataura,NZ,-46.1927,168.8643,69.39,44,46,4.52,scattered clouds
19,Bethel,US,41.3712,-73.414,39.49,64,0,5.99,clear sky
20,Carnarvon,AU,-24.8667,113.6333,77.56,37,0,14.83,clear sky
21,Kenora,CA,49.8167,-94.4337,22.17,93,100,8.05,overcast clouds
22,Castro,BR,-24.7911,-50.0119,64.51,92,98,4.88,overcast clouds
23,Avarua,CK,-21.2078,-159.775,78.85,57,50,14.97,scattered clouds
24,Lasa,IT,46.6166,10.7002,41.88,85,34,0.16,scattered clouds
25,Alugan,PH,12.2188,125.4808,81.97,85,100,12.93,overcast clouds
26,College,US,64.8569,-147.8028,29.07,91,100,5.75,light snow
27,Cherskiy,RU,68.75,161.3,-26.14,100,96,4.21,overcast clouds
28,Makakilo City,US,21.3469,-158.0858,82.72,54,20,14.97,few clouds
29,Bambous Virieux,MU,-20.3428,57.7575,71.85,64,75,9.22,broken clouds
30,Kvarkeno,RU,52.0833,59.725,26.58,95,100,9.35,light snow
31,Aklavik,CA,68.2191,-135.0107,16.68,90,100,21.0,light snow
32,Busselton,AU,-33.65,115.3333,61.29,57,0,11.56,clear sky
33,Chokurdakh,RU,70.6333,147.9167,-16.29,99,100,10.11,overcast clouds
34,Saint-Philippe,RE,-21.3585,55.7679,69.39,63,62,13.91,broken clouds
35,Vostok,RU,46.4856,135.8833,20.21,70,57,2.06,broken clouds
36,Lompoc,US,34.6391,-120.4579,68.68,62,0,11.5,clear sky
37,Zhigansk,RU,66.7697,123.3711,-33.0,100,49,1.32,scattered clouds
38,Verkhnyaya Inta,RU,65.9811,60.3094,-3.87,88,99,4.7,overcast clouds
39,Chuy,UY,-33.6971,-53.4616,61.63,97,97,9.28,overcast clouds
40,Clyde River,CA,70.4692,-68.5914,-1.97,78,0,19.57,clear sky
41,Lewistown,US,40.5992,-77.5714,39.87,86,0,0.0,clear sky
42,Berlevag,NO,70.8578,29.0864,39.2,81,100,29.93,overcast clouds
43,Klaksvik,FO,62.2266,-6.589,49.12,88,100,32.41,light rain
44,Milton,US,34.1322,-84.3007,48.29,60,95,3.0,overcast clouds
45,Hithadhoo,MV,-0.6,73.0833,81.88,74,100,15.97,overcast clouds
46,Hermanus,ZA,-34.4187,19.2345,56.8,72,91,7.14,overcast clouds
47,Iquitos,PE,-3.7481,-73.2472,77.04,88,75,2.3,broken clouds
48,Roald,NO,62.5833,6.1333,56.34,76,100,14.97,overcast clouds
49,Tuatapere,NZ,-46.1333,167.6833,66.96,50,100,6.87,light rain
50,Arraial Do Cabo,BR,-22.9661,-42.0278,78.76,94,40,16.11,thunderstorm with rain
51,Oranjemund,NA,-28.55,16.4333,59.99,93,39,3.13,scattered clouds
52,Los Llanos De Aridane,ES,28.6585,-17.9182,70.12,35,0,10.0,clear sky
53,Haines Junction,CA,60.7522,-137.5108,37.35,87,94,2.3,overcast clouds
54,Rawson,AR,-43.3002,-65.1023,72.32,37,27,2.95,scattered clouds
55,Marienburg,PL,54.0359,19.0266,46.85,90,95,6.55,overcast clouds
56,Adamovka,RU,51.5223,59.9396,26.06,93,100,13.8,light snow
57,Puerto Ayora,EC,-0.7393,-90.3518,70.56,85,44,5.01,scattered clouds
58,Nikolskoye,RU,59.7035,30.7861,33.8,98,100,6.11,light snow
59,The Valley,AI,18.217,-63.0578,81.1,89,20,10.36,few clouds
60,Ambilobe,MG,-13.2,49.05,72.1,86,31,3.65,scattered clouds
61,Alofi,NU,-19.0595,-169.9187,76.89,22,100,9.22,light intensity drizzle
62,Hualmay,PE,-11.0964,-77.6139,64.35,83,24,7.92,few clouds
63,Half Moon Bay,US,37.4636,-122.4286,63.79,51,0,0.0,clear sky
64,Cabo San Lucas,MX,22.8909,-109.9124,81.7,60,0,16.11,clear sky
65,Nanortalik,GL,60.1432,-45.2371,31.06,91,99,10.38,overcast clouds
66,Nur,PL,52.6683,22.3221,41.0,93,94,6.29,overcast clouds
67,Port-Cartier,CA,50.0334,-66.8654,26.74,88,91,6.87,overcast clouds
68,Bredasdorp,ZA,-34.5322,20.0403,61.14,70,100,5.64,overcast clouds
69,Saldanha,ZA,-33.0117,17.9442,60.85,86,69,7.27,broken clouds
70,Alausi,EC,-2.2,-78.8333,50.65,90,67,2.28,broken clouds
71,Vardo,NO,70.3705,31.1107,31.98,86,40,10.36,scattered clouds
72,Port-De-Bouc,FR,43.4,4.9833,59.22,88,0,18.41,clear sky
73,Qaanaaq,GL,77.484,-69.3632,-3.96,73,5,5.7,clear sky
74,Altamont,US,42.2068,-121.7372,44.78,56,0,6.91,clear sky
75,Dikson,RU,73.5069,80.5464,2.75,95,100,21.77,light snow
76,Buraydah,SA,26.326,43.975,68.45,29,5,9.6,clear sky
77,Lardos,GR,36.0942,28.0157,62.42,67,87,5.44,overcast clouds
78,Rikitea,PF,-23.1203,-134.9692,74.89,81,100,13.49,light rain
79,Ust-Ishim,RU,57.6935,71.1665,30.49,96,100,6.44,overcast clouds
80,Lebu,CL,-37.6167,-73.65,55.89,92,68,2.86,broken clouds
81,Anadyr,RU,64.75,177.4833,28.9,80,0,13.42,clear sky
82,Banda Aceh,ID,5.5577,95.3222,77.81,82,100,6.91,light rain
83,Kapfenberg,AT,47.454,15.2702,50.54,89,100,0.98,overcast clouds
84,Mar Del Plata,AR,-38.0023,-57.5575,59.09,98,100,18.01,light intensity drizzle
85,Sitka,US,57.0531,-135.33,46.29,76,100,17.27,moderate rain
86,Batsfjord,NO,70.6345,29.7185,39.13,91,99,28.19,light rain
87,Sept-Iles,CA,50.2001,-66.3821,27.05,81,75,11.5,broken clouds
88,Mishan,CN,45.55,131.8833,24.71,66,91,3.06,overcast clouds
89,Arlit,NE,18.7369,7.3853,68.31,18,4,7.25,clear sky
90,New Norfolk,AU,-42.7826,147.0587,47.7,84,100,3.0,light rain
91,Hilo,US,19.7297,-155.09,76.24,83,100,14.97,overcast clouds
92,Katsuura,JP,35.1333,140.3,53.62,86,100,15.9,light rain
93,Volga,RU,57.9516,38.3879,27.91,73,27,5.21,scattered clouds
94,Meridian,US,43.6121,-116.3915,39.15,63,0,4.61,clear sky
95,Tautira,PF,-17.7333,-149.15,77.88,80,82,5.93,light rain
96,Tiksi,RU,71.6872,128.8694,-10.86,91,100,13.06,overcast clouds
97,Pemberton,CA,50.3164,-122.8027,46.09,80,7,0.56,clear sky
98,Walvis Bay,NA,-22.9575,14.5053,61.75,82,0,3.44,clear sky
99,Souillac,MU,-20.5167,57.5167,71.98,64,75,9.22,broken clouds
100,Santiago De Las Vegas,CU,22.97,-82.3869,78.42,78,40,11.5,scattered clouds
101,Canchungo,GW,12.0672,-16.0333,77.13,71,58,5.5,broken clouds
102,Rocha,UY,-34.4833,-54.3333,61.95,93,99,13.38,overcast clouds
103,Plouzane,FR,48.3833,-4.6167,55.45,100,100,21.85,light rain
104,Xining,CN,36.6167,101.7667,32.5,61,84,2.48,broken clouds
105,Mahanoro,MG,-19.9,48.8,72.66,83,100,4.0,overcast clouds
106,Petropavlovsk-Kamchatskiy,RU,53.0452,158.6483,34.39,64,75,24.61,broken clouds
107,Florianopolis,BR,-27.6146,-48.5012,72.63,85,75,4.61,light rain
108,Barrow,US,71.2906,-156.7887,10.42,79,100,18.41,overcast clouds
109,Saskylakh,RU,71.9167,114.0833,-19.39,95,96,5.86,overcast clouds
110,Pepel,SL,8.5817,-13.0628,77.25,88,47,3.65,light rain
111,Provideniya,RU,64.3833,-173.3,30.36,55,100,15.99,overcast clouds
112,Sinnamary,GF,5.3833,-52.95,79.18,86,24,11.72,few clouds
113,Gravdal,NO,68.1214,13.5031,40.87,72,6,9.42,clear sky
114,Norman Wells,CA,65.282,-126.8329,15.84,86,75,8.05,broken clouds
115,Puerto Escondido,MX,15.85,-97.0667,86.83,51,40,3.44,scattered clouds
116,Hobart,AU,-42.8794,147.3294,48.06,92,100,19.57,moderate rain
117,Hibbing,US,47.4272,-92.9377,24.4,61,100,5.75,mist
118,Albany,US,42.6001,-73.9662,34.63,59,8,3.0,clear sky
119,Dokri,PK,27.3743,68.0967,66.11,49,0,5.48,clear sky
120,Kruisfontein,ZA,-34.0033,24.7314,62.89,72,85,7.2,overcast clouds
121,Leningradskiy,RU,69.3833,178.4167,-2.43,95,73,4.59,broken clouds
122,Ponta Do Sol,PT,32.6667,-17.1,70.0,71,100,1.16,overcast clouds
123,Pisco,PE,-13.7,-76.2167,66.25,82,100,5.75,overcast clouds
124,Cidreira,BR,-30.1811,-50.2056,68.65,71,17,7.18,few clouds
125,Bubaque,GW,11.2833,-15.8333,83.46,70,75,14.36,broken clouds
126,Notre-Dame-Du-Lac,CA,47.6136,-68.7964,28.74,86,35,10.33,scattered clouds
127,Camacha,PT,33.0833,-16.3333,63.82,88,20,4.61,few clouds
128,Lorengau,PG,-2.0226,147.2712,84.92,69,98,7.23,overcast clouds
129,Alice Springs,AU,-23.7,133.8833,71.15,33,5,14.97,clear sky
130,Huai Yot,TH,7.7893,99.6348,74.82,96,100,3.4,light rain
131,Margate,GB,51.3813,1.3862,52.9,90,49,5.99,scattered clouds
132,Yeniseysk,RU,58.4497,92.1703,27.25,96,100,9.37,snow
133,Kidodi,TZ,-7.6036,37.0044,70.74,78,11,4.52,few clouds
134,Hami,CN,42.8,93.45,32.81,49,100,1.19,overcast clouds
135,Kouroussa,GN,10.65,-9.8833,74.71,71,84,3.29,light rain
136,Valle Hermoso,MX,25.6667,-97.8333,80.49,75,36,10.63,scattered clouds
137,San Patricio,US,28.017,-97.5169,66.07,86,97,14.0,overcast clouds
138,Chernyshevskiy,RU,63.0128,112.4714,-30.71,100,11,1.3,few clouds
139,Kahului,US,20.8947,-156.47,86.02,62,40,20.71,scattered clouds
140,Severo-Kurilsk,RU,50.6789,156.125,34.21,94,98,23.44,light snow
141,Sobolevo,RU,54.4299,31.8996,30.99,82,56,5.26,broken clouds
142,Lavrentiya,RU,65.5833,-171.0,20.93,82,73,7.67,broken clouds
143,Guadalajara,MX,20.6667,-103.3333,76.77,41,100,11.5,overcast clouds
144,Omsukchan,RU,62.5333,155.8,-7.01,79,24,3.96,few clouds
145,Tafresh,IR,34.692,50.013,41.16,45,0,6.17,clear sky
146,Segezha,RU,63.7415,34.3222,32.65,96,100,5.08,overcast clouds
147,Valparai,IN,10.3667,76.9667,61.66,91,99,3.42,overcast clouds
148,Chalmette,US,29.9427,-89.9634,64.4,73,100,18.41,overcast clouds
149,Ancud,CL,-41.8697,-73.8203,54.1,98,99,13.94,light rain
150,Kaitangata,NZ,-46.2817,169.8464,68.18,55,91,5.86,overcast clouds
151,Yellowknife,CA,62.456,-114.3525,25.32,93,100,11.5,overcast clouds
152,Sorong,ID,-0.8833,131.25,81.55,81,89,5.37,overcast clouds
153,Bac Lieu,VN,9.285,105.7244,80.46,83,100,14.14,overcast clouds
154,Paamiut,GL,61.994,-49.6678,27.79,87,98,12.57,overcast clouds
155,Kavaratti,IN,10.5669,72.642,79.41,80,88,7.9,light rain
156,Cabedelo,BR,-6.9811,-34.8339,79.47,76,17,11.68,few clouds
157,Quatre Cocos,MU,-20.2078,57.7625,71.71,63,76,15.73,broken clouds
158,Luorong,CN,24.4058,109.6086,62.96,60,100,5.61,overcast clouds
159,Umm Lajj,SA,25.0213,37.2685,77.65,58,32,5.28,scattered clouds
160,Pemangkat,ID,1.1667,108.9667,78.48,84,99,3.29,overcast clouds
161,Nemuro,JP,43.3236,145.575,40.19,66,65,8.61,broken clouds
162,Inyonga,TZ,-6.7167,32.0667,67.17,85,83,2.06,moderate rain
163,Shyryayeve,UA,47.3805,30.1964,40.26,75,100,4.68,overcast clouds
164,La Ronge,CA,55.1001,-105.2842,23.25,80,100,2.3,light snow
165,Ilulissat,GL,69.2167,-51.1,28.42,80,75,12.66,broken clouds
166,Narsaq,GL,60.9167,-46.05,39.42,81,99,4.85,overcast clouds
167,Kazerun,IR,29.6195,51.6541,61.07,41,0,2.24,clear sky
168,Torres,BR,-29.3353,-49.7269,74.82,79,48,5.23,scattered clouds
169,Lyubinskiy,RU,55.1542,72.6925,35.28,99,100,9.04,light snow
170,Canavieiras,BR,-15.675,-38.9472,76.68,89,64,9.1,broken clouds
171,Bilibino,RU,68.0546,166.4372,-17.03,100,81,3.27,broken clouds
172,Gushi,CN,34.6425,109.5843,48.76,47,91,1.86,overcast clouds
173,Ostrovnoy,RU,68.0531,39.5131,28.17,92,97,3.89,overcast clouds
174,Brae,GB,60.3964,-1.353,51.48,84,100,28.19,overcast clouds
175,Wenatchee,US,47.4235,-120.3103,43.66,74,0,5.75,clear sky
176,Gat,IL,31.61,34.7642,67.41,100,12,2.75,few clouds
177,Ribeira Grande,PT,38.5167,-28.7,63.77,83,72,8.99,broken clouds
178,Nyzhni Sirohozy,UA,46.8484,34.3804,36.57,80,15,6.58,few clouds
179,Georgetown,MY,5.4112,100.3354,76.95,95,40,5.99,moderate rain
180,Ust-Tsilma,RU,65.441,52.1498,-1.34,99,88,3.56,overcast clouds
181,Sao Filipe,CV,14.8961,-24.4956,75.65,74,71,11.14,broken clouds
182,Abha,SA,18.2164,42.5053,55.22,94,14,0.0,few clouds
183,Kodiak,US,57.79,-152.4072,33.31,86,0,4.61,clear sky
184,Beringovskiy,RU,63.05,179.3167,30.51,81,20,14.47,few clouds
185,Adrar,MR,20.5022,-10.0711,76.39,23,89,7.9,overcast clouds
186,Deputatskiy,RU,69.3,139.9,-27.31,97,93,5.61,overcast clouds
187,Iqaluit,CA,63.7506,-68.5145,10.13,85,75,4.61,light snow
188,Innisfail,AU,-17.5333,146.0333,83.98,60,97,5.41,overcast clouds
189,Havre-Saint-Pierre,CA,50.2334,-63.5986,26.6,80,100,10.36,overcast clouds
190,Tres Lagoas,BR,-20.7511,-51.6783,77.11,62,92,5.64,overcast clouds
191,Lazaro Cardenas,MX,17.9583,-102.2,79.47,79,100,7.11,overcast clouds
192,Caravelas,BR,-17.7125,-39.2481,76.53,88,31,11.32,scattered clouds
193,Bullhead City,US,35.1478,-114.5683,65.62,24,0,18.41,clear sky
194,Labuhan,ID,-6.8844,112.2051,81.16,77,100,3.56,overcast clouds
195,Camargo,MX,27.6667,-105.1667,65.59,29,59,8.75,broken clouds
196,Ahuimanu,US,21.4447,-157.8378,83.91,63,40,14.97,scattered clouds
197,Itarema,BR,-2.9248,-39.9167,79.57,78,53,14.36,broken clouds
198,Sur,OM,22.5667,59.5289,78.01,58,0,7.99,clear sky
199,Gravelbourg,CA,49.8834,-106.5512,21.47,96,100,5.08,snow
200,Prince Rupert,CA,54.3161,-130.3201,42.49,87,40,3.44,scattered clouds
201,Vao,NC,-22.6667,167.4833,74.57,75,40,5.53,scattered clouds
202,Vestmanna,FO,62.1564,-7.1664,47.32,93,100,29.93,overcast clouds
203,Bairiki,KI,1.3292,172.9752,86.0,74,40,11.5,scattered clouds
204,Lulea,SE,65.5842,22.1547,24.87,100,11,9.22,few clouds
205,Kupang,ID,-10.1667,123.5833,84.85,68,55,2.17,broken clouds
206,Luau,AO,-10.7073,22.2247,62.46,96,85,2.15,overcast clouds
207,Belaya Gora,RU,68.5333,146.4167,-29.4,99,80,4.21,broken clouds
208,Mogadishu,SO,2.0371,45.3438,78.55,80,7,9.04,clear sky
209,Broken Hill,AU,-31.95,141.4333,57.54,54,59,12.19,broken clouds
210,Aden,YE,12.7794,45.0367,78.62,74,0,10.4,clear sky
211,Verkhnevilyuysk,RU,63.4453,120.3167,-30.48,100,83,3.2,broken clouds
212,Gornopravdinsk,RU,60.05,69.9,16.79,93,100,9.95,light snow
213,Sao Miguel,BR,-5.4667,-35.3667,79.57,78,21,14.74,few clouds
214,Homer,US,59.6425,-151.5483,42.76,73,0,5.75,clear sky
215,Mayumba,GA,-3.432,10.6554,76.17,83,52,7.54,broken clouds
216,Kavieng,PG,-2.5744,150.7967,85.17,68,99,11.88,overcast clouds
217,Port Alfred,ZA,-33.5906,26.891,65.17,83,84,3.0,broken clouds
218,Esperance,AU,-33.8667,121.9,59.47,67,61,12.21,broken clouds
219,Mahebourg,MU,-20.4081,57.7,71.89,64,75,9.22,broken clouds
220,Codrington,AU,-38.2667,141.9667,50.09,71,99,16.89,overcast clouds
221,Nyimba,ZM,-14.5566,30.8149,69.64,84,71,2.77,broken clouds
222,Awjilah,LY,29.1081,21.2869,60.84,39,0,6.17,clear sky
223,Egvekinot,RU,66.3167,-179.1667,10.56,98,100,1.81,overcast clouds
224,Northam,GB,51.0333,-4.2167,53.38,91,98,27.49,moderate rain
225,Sao Francisco De Paula,BR,-29.4481,-50.5836,55.92,82,12,3.91,few clouds
226,Pevek,RU,69.7008,170.3133,-8.55,100,100,2.19,overcast clouds
227,Port Lincoln,AU,-34.7333,135.8667,55.65,52,99,10.13,overcast clouds
228,Luanda,AO,-8.8368,13.2343,75.2,78,20,9.22,few clouds
229,Mount Gambier,AU,-37.8333,140.7667,51.37,64,91,11.34,overcast clouds
230,Thompson,CA,55.7435,-97.8558,8.76,92,20,0.0,few clouds
231,Longyearbyen,SJ,78.2186,15.6401,28.24,74,40,29.93,scattered clouds
232,Bengkulu,ID,-3.8004,102.2655,75.13,89,100,5.37,overcast clouds
233,Saint-Joseph,RE,-21.3667,55.6167,68.38,63,32,14.5,scattered clouds
234,Tual,ID,-5.6667,132.75,83.86,73,97,5.53,overcast clouds
235,Nabire,ID,-3.3667,135.4833,83.59,67,90,0.96,overcast clouds
236,Tazovskiy,RU,67.4667,78.7,-18.42,91,21,5.82,few clouds
237,Pagegiai,LT,55.1381,21.9089,38.97,96,25,5.55,scattered clouds
238,Key West,US,24.5557,-81.7826,86.0,74,0,13.8,clear sky
239,Bannu,PK,32.9854,70.6027,57.99,61,0,4.25,clear sky
240,Sao Joao Da Barra,BR,-21.6403,-41.0511,78.89,90,99,25.05,moderate rain
241,Yanam,IN,16.7333,82.2167,69.6,84,43,3.6,scattered clouds
242,Naze,JP,28.3667,129.4833,67.12,71,79,11.68,broken clouds
243,Santander,ES,43.4647,-3.8044,63.72,52,0,14.97,clear sky
244,Heidelberg,ZA,-26.5048,28.3592,60.94,88,35,7.85,scattered clouds
245,Ahipara,NZ,-35.1667,173.1667,66.72,73,23,10.31,few clouds
246,Chara,RU,56.9064,118.2631,3.13,98,100,1.7,overcast clouds
247,Esfahan,IR,32.6572,51.6776,35.24,43,0,3.78,clear sky
248,Progreso,MX,21.2833,-89.6667,86.11,78,6,13.98,clear sky
249,Broome,US,42.2506,-75.833,34.61,69,100,6.91,overcast clouds
250,Alberdi,AR,-32.8899,-60.6906,75.22,33,0,11.5,clear sky
251,Arrecife,ES,28.963,-13.5477,76.98,25,0,11.5,clear sky
252,Lac Du Bonnet,CA,50.2536,-96.0612,19.69,95,100,4.76,overcast clouds
253,Rorvik,NO,64.8621,11.2373,40.98,100,100,6.91,fog
254,Faanui,PF,-16.4833,-151.75,78.28,79,99,7.23,light rain
255,Makhachkala,RU,42.9764,47.5024,44.58,64,12,14.2,few clouds
256,Mana,GF,5.6592,-53.7767,79.36,87,42,12.12,scattered clouds
257,Mungwi,ZM,-10.1732,31.3694,64.18,84,85,3.71,overcast clouds
258,Olinda,BR,-8.0089,-34.8553,80.33,74,75,5.75,broken clouds
259,Grand Gaube,MU,-20.0064,57.6608,72.0,63,30,5.01,scattered clouds
260,Alexandria,EG,31.2156,29.9553,68.2,54,5,9.24,clear sky
261,Porgera,PG,-5.4667,143.2,47.93,94,100,1.23,overcast clouds
262,Moerai,PF,-22.4333,-151.3333,70.23,80,92,9.71,overcast clouds
263,Waharoa,NZ,-37.7667,175.7667,72.75,75,18,7.18,few clouds
264,Talnakh,RU,69.4865,88.3972,-23.64,88,23,4.16,few clouds
265,Kang,BW,-23.6752,22.7876,70.86,60,17,13.58,few clouds
266,Port Elizabeth,ZA,-33.918,25.5701,65.1,82,0,13.8,clear sky
267,Kitimat,CA,54.0524,-128.6534,34.92,28,100,3.09,light rain
268,Tikapur,NP,28.5,81.1333,59.11,67,0,3.18,clear sky
269,Hervey Bay,AU,-25.2986,152.8535,77.14,70,2,5.46,clear sky
270,Mitu,CO,1.1983,-70.1733,79.27,77,100,3.2,overcast clouds
271,Laguna,US,38.421,-121.4238,62.08,50,0,9.22,clear sky
272,Puerto Lopez,CO,4.0845,-72.956,75.96,88,91,4.21,overcast clouds
273,Muroto,JP,33.2833,134.15,61.43,57,97,6.42,overcast clouds
274,Vila Franca Do Campo,PT,37.7167,-25.4333,65.19,93,87,7.18,light rain
275,Hammerfest,NO,70.6634,23.6821,37.85,75,75,9.22,broken clouds
276,Troitsko-Pechorsk,RU,62.7084,56.1964,3.6,97,93,6.22,overcast clouds
277,Tadine,NC,-21.55,167.8833,79.05,63,0,6.85,clear sky
278,Coquimbo,CL,-29.9533,-71.3436,62.33,77,0,5.75,clear sky
279,Byron Bay,AU,-28.65,153.6167,80.71,42,1,5.32,clear sky
280,Atbasar,KZ,51.8,68.3333,31.93,96,100,19.95,light snow
281,Salalah,OM,17.0151,54.0924,73.49,56,0,3.44,clear sky
282,Mount Isa,AU,-20.7333,139.5,78.57,27,50,11.5,scattered clouds
283,Port Hardy,CA,50.6996,-127.4199,41.18,93,75,3.44,broken clouds
284,Taoudenni,ML,22.6783,-3.9836,78.17,14,100,10.76,overcast clouds
285,Hit,IQ,33.6416,42.8251,65.17,39,45,5.28,scattered clouds
286,Shenjiamen,CN,29.9576,122.298,56.23,82,100,11.5,overcast clouds
287,Dingle,PH,10.9995,122.6711,81.03,84,100,7.67,overcast clouds
288,Pacific Grove,US,36.6177,-121.9166,61.56,72,0,5.99,clear sky
289,Micheweni,TZ,-4.9667,39.8333,77.4,78,1,4.43,clear sky
290,Kuching,MY,1.55,110.3333,78.13,100,40,0.0,scattered clouds
291,Noumea,NC,-22.2763,166.4572,84.18,99,1,8.79,clear sky
292,Bissora,GW,12.2231,-15.4475,77.07,70,76,5.41,broken clouds
293,Aksu,CN,41.1231,80.2644,33.94,51,19,3.51,few clouds
294,Shubarshi,KZ,48.5872,57.1869,28.56,88,96,18.79,overcast clouds
295,Boende,CD,-0.2167,20.8667,69.91,96,69,1.66,light rain
296,Komsomolskiy,UZ,40.4272,71.7189,39.92,81,58,6.91,mist
297,Wajid,SO,3.8093,43.2471,72.18,86,13,12.21,few clouds
298,San Matias,BO,-16.3667,-58.4,71.8,96,100,4.12,moderate rain
299,Kidal,ML,18.4411,1.4078,72.57,17,58,11.52,broken clouds
300,Wuda,CN,39.4994,106.7117,33.26,41,0,1.28,clear sky
301,Geraldton,AU,-28.7667,114.6,73.81,25,0,24.16,clear sky
302,Sibolga,ID,1.7427,98.7792,74.82,95,100,4.0,overcast clouds
303,Sarahan,IN,31.5167,77.8,34.43,66,3,10.42,clear sky
304,Zyryanovsk,KZ,49.7386,84.2719,31.73,86,100,4.52,light snow
305,Madang,PG,-5.2246,145.7966,85.95,63,73,0.56,broken clouds
306,Porosozero,RU,62.7191,32.727,32.22,98,97,0.11,overcast clouds
307,Tura,IN,25.5198,90.2201,60.15,88,0,3.71,clear sky
308,Nantucket,US,41.2835,-70.0995,42.15,65,0,0.0,clear sky
309,Fortuna,US,40.5982,-124.1573,57.92,71,0,10.36,clear sky
310,Lunenburg,CA,44.3835,-64.3155,37.45,84,98,16.11,overcast clouds
311,Husavik,IS,66.0449,-17.3389,41.99,92,100,8.46,overcast clouds
312,Ixtapa,MX,20.7,-105.2,78.03,78,75,9.22,broken clouds
313,Kaniama,CD,-7.5667,24.1833,64.71,97,97,2.35,light rain
314,Tampilisan,PH,8.0167,122.6833,80.74,81,100,1.12,overcast clouds
315,Tatawin,TN,32.9297,10.4518,59.74,39,0,3.49,clear sky
316,Airai,TL,-8.9266,125.4092,71.35,61,51,1.28,broken clouds
317,Houma,US,29.5958,-90.7195,64.4,81,100,14.97,overcast clouds
318,Andenes,NO,69.3143,16.1194,39.18,75,40,9.22,scattered clouds
319,Osterburg,DE,52.7833,11.7667,43.09,81,1,9.53,clear sky
320,Santa Rosa De Viterbo,BR,-21.4728,-47.3631,68.88,92,95,2.51,overcast clouds
321,Dalbandin,PK,28.8947,64.4101,55.98,28,0,6.11,clear sky
322,Evensk,RU,61.95,159.2333,12.56,81,99,15.48,overcast clouds
323,Kochevo,RU,59.5994,54.3125,14.27,85,100,10.54,overcast clouds
324,Waingapu,ID,-9.6567,120.2641,83.3,72,60,3.98,broken clouds
325,Seoul,KR,37.5683,126.9778,45.84,84,40,8.05,scattered clouds
326,Xushan,CN,30.1764,121.2457,57.96,85,100,4.59,overcast clouds
327,Port Blair,IN,11.6667,92.75,79.97,82,100,9.1,overcast clouds
328,Wanning,CN,18.8003,110.3967,77.02,91,53,6.73,broken clouds
329,Avera,US,33.194,-82.5271,51.31,57,74,8.88,broken clouds
330,Puksoozero,RU,62.5903,40.6066,22.15,97,95,2.93,overcast clouds
331,Nizhniy Kuranakh,RU,58.8353,125.4869,-30.46,100,73,1.59,broken clouds
332,Lebedinyy,RU,58.5167,125.5167,-23.87,100,98,4.94,overcast clouds
333,Madison,US,34.7334,-86.5667,48.33,56,0,1.01,clear sky
334,Tynda,RU,55.1667,124.7167,1.4,96,100,1.52,overcast clouds
335,Gizo,SB,-8.103,156.8419,84.6,71,30,6.64,light rain
336,East London,ZA,-33.0153,27.9116,65.82,77,75,20.13,broken clouds
337,Pangnirtung,CA,66.1451,-65.7125,4.14,88,93,3.78,overcast clouds
338,Okhotsk,RU,59.3833,143.3,10.89,90,99,7.02,overcast clouds
339,Saint Anthony,US,45.0205,-93.218,30.65,90,100,9.22,mist
340,Kumluca,TR,36.3703,30.2869,62.56,33,52,6.17,broken clouds
341,Havelock,US,34.8791,-76.9013,51.78,78,0,8.05,clear sky
342,Jiehu,CN,35.5428,118.455,44.89,54,3,3.38,clear sky
343,Harnoli,PK,32.2792,71.5539,58.08,60,0,8.52,clear sky
344,Naryan-Mar,RU,67.6713,53.087,3.29,99,89,3.24,overcast clouds
345,Hasaki,JP,35.7333,140.8333,53.22,82,100,15.84,light rain
346,Raudeberg,NO,61.9875,5.1352,55.87,64,100,5.79,overcast clouds
347,Bosaso,SO,11.2842,49.1816,75.43,73,1,2.68,clear sky
348,Mobile,US,30.7835,-88.2,59.05,68,40,4.61,scattered clouds
349,Harper,LR,4.375,-7.7169,77.04,87,83,7.16,light rain
350,Juneau,US,58.3019,-134.4197,42.22,97,100,12.66,light rain
351,Gazanjyk,TM,39.2446,55.5154,48.31,64,14,4.56,few clouds
352,Codajas,BR,-3.8367,-62.0569,81.88,66,91,1.83,overcast clouds
353,Turbat,PK,26.0023,63.044,74.19,28,0,6.17,clear sky
354,Hofn,IS,64.2539,-15.2082,45.57,89,100,15.17,overcast clouds
355,Sembe,CG,1.6481,14.5806,72.68,85,73,0.76,broken clouds
356,Bereda,ES,43.2686,-7.5406,56.41,88,100,12.17,overcast clouds
357,Tocache,PE,-8.1842,-76.5125,71.44,97,99,1.16,overcast clouds
358,Kibiti,TZ,-7.7218,38.9375,67.33,96,0,2.68,clear sky
359,Ayan,RU,56.45,138.1667,20.37,74,59,6.71,broken clouds
360,Sernur,RU,56.9333,49.1536,21.2,77,100,15.95,overcast clouds
361,Kangaatsiaq,GL,68.3065,-53.4641,27.9,96,100,20.04,snow
362,Pitimbu,BR,-7.4706,-34.8086,79.39,76,16,11.59,few clouds
363,Fort Madison,US,40.6298,-91.3151,38.43,65,100,5.75,overcast clouds
364,Copiapo,CL,-27.3667,-70.3333,56.89,29,2,2.95,clear sky
365,Pineville,US,31.3224,-92.4343,48.13,82,100,5.75,overcast clouds
366,Uaua,BR,-9.8414,-39.4817,81.01,59,91,17.49,overcast clouds
367,Catamarca,AR,-28.4696,-65.7852,78.78,44,0,5.99,clear sky
368,Sri Aman,MY,1.2376,111.4621,75.25,94,100,0.0,overcast clouds
369,Hambantota,LK,6.1241,81.1185,75.78,84,100,4.54,overcast clouds
370,Tomatlan,MX,19.9333,-105.25,76.15,81,75,3.71,broken clouds
371,Cap Malheureux,MU,-19.9842,57.6142,70.47,63,34,5.01,scattered clouds
372,San Cristobal,VE,7.7669,-72.225,71.78,96,47,1.23,scattered clouds
373,Panguna,PG,-6.3164,155.4848,82.26,54,90,3.42,overcast clouds
374,Coihaique,CL,-45.5752,-72.0662,55.35,58,75,10.36,broken clouds
375,Sakakah,SA,29.9697,40.2064,67.57,76,91,8.86,overcast clouds
376,Jacqueville,CI,5.2052,-4.4146,80.28,78,97,6.53,overcast clouds
377,Victoria,HK,22.2855,114.1577,75.38,78,100,8.01,overcast clouds
378,Chardara,KZ,41.2547,67.9692,52.47,49,100,6.31,overcast clouds
379,Hirara,JP,24.8,125.2833,75.06,78,40,8.05,scattered clouds
380,Jawa,JO,31.8525,35.9393,59.31,88,20,5.75,mist
381,Vestmannaeyjar,IS,63.4427,-20.2734,45.99,85,78,11.79,broken clouds
382,Puri,IN,19.8,85.85,68.29,61,1,8.28,clear sky
383,Bonthe,SL,7.5264,-12.505,76.69,86,62,6.02,light rain
384,Sharjah,AE,25.3573,55.4033,76.98,73,0,6.91,clear sky
385,Helena,US,46.5927,-112.0361,29.62,82,100,1.99,overcast clouds
386,Loukhi,RU,66.0764,33.0381,30.97,97,98,3.85,overcast clouds
387,Mehamn,NO,71.0357,27.8492,39.15,70,100,20.71,overcast clouds
388,Palmer,US,42.1584,-72.3287,36.95,62,0,0.0,clear sky
389,Gurupa,BR,-1.405,-51.64,78.12,81,40,4.79,scattered clouds
390,Daru,PG,-9.0763,143.2092,82.99,76,100,3.96,overcast clouds
391,Ufa,RU,54.775,56.0375,22.37,94,100,12.8,light snow
392,Faya,SA,18.3851,42.4509,55.51,76,8,1.61,clear sky
393,Ostersund,SE,63.1792,14.6357,36.05,100,20,4.61,few clouds
394,Harrismith,ZA,-28.2728,29.1295,48.0,92,0,0.78,clear sky
395,Bekwai,GH,6.4534,-1.5774,71.28,98,36,2.93,scattered clouds
396,Waddan,LY,29.1614,16.139,63.28,42,5,5.44,clear sky
397,Korbach,DE,51.2756,8.873,49.42,94,52,6.89,broken clouds
398,Quelimane,MZ,-17.8786,36.8883,76.95,83,40,5.75,scattered clouds
399,Maceio,BR,-9.6658,-35.7353,76.44,88,0,5.75,clear sky
400,Manaia,NZ,-39.55,174.1333,70.57,69,7,8.99,clear sky
401,Chapais,CA,49.7834,-74.8492,22.78,95,100,6.35,light snow
402,Baker City,US,44.7749,-117.8344,28.11,79,100,4.61,overcast clouds
403,Usinsk,RU,65.9939,57.5281,-1.32,86,81,8.75,broken clouds
404,Bathsheba,BB,13.2167,-59.5167,83.01,78,40,24.16,scattered clouds
405,Tocopilla,CL,-22.092,-70.1979,64.94,76,30,4.92,scattered clouds
406,Dunedin,NZ,-45.8742,170.5036,64.8,67,99,7.0,overcast clouds
407,Kalmunai,LK,7.4167,81.8167,75.99,85,100,3.8,overcast clouds
408,Mirnyy,RU,62.5353,113.9611,-26.77,74,14,1.99,few clouds
409,Pringsewu,ID,-5.3582,104.9744,75.99,84,100,2.93,overcast clouds
410,Luderitz,NA,-26.6481,15.1594,59.2,95,3,7.78,clear sky
411,Ternate,ID,0.8,127.4,83.16,75,96,2.08,overcast clouds
412,Tessalit,ML,20.1986,1.0114,73.31,17,88,9.98,overcast clouds
413,Lata,PT,40.1629,-8.3327,61.81,95,100,6.85,overcast clouds
414,Mecca,SA,21.4267,39.8261,77.67,73,3,3.58,clear sky
415,Wajima,JP,37.4,136.9,52.48,81,40,1.14,scattered clouds
416,Huron,US,41.1501,-82.5499,37.69,76,57,7.11,broken clouds
417,Esna,EG,25.2934,32.554,68.02,62,0,10.49,clear sky
418,Marsh Harbour,BS,26.5412,-77.0636,78.48,75,4,10.98,clear sky
419,Warrnambool,AU,-38.3833,142.4833,49.8,68,96,17.0,overcast clouds
420,Jacareacanga,BR,-6.2222,-57.7528,80.58,67,80,0.74,broken clouds
421,Kilindoni,TZ,-7.9139,39.6668,78.3,77,0,8.72,clear sky
422,Mafinga,TZ,-7.25,35.0667,72.77,48,68,1.77,broken clouds
423,Necochea,AR,-38.5473,-58.7368,57.02,84,86,19.84,overcast clouds
424,Nakama,JP,33.8167,130.7,59.14,84,96,1.99,overcast clouds
425,Isangel,VU,-19.55,169.2667,82.51,83,20,3.44,few clouds
426,Guerrero Negro,MX,27.9769,-114.0611,68.38,40,92,9.73,overcast clouds
427,Padang,ID,-0.9492,100.3543,75.65,91,100,2.91,moderate rain
428,Torbay,CA,47.6666,-52.7314,46.27,89,100,24.16,light intensity drizzle
429,Goderich,CA,43.7501,-81.7165,32.92,93,100,4.61,overcast clouds
430,Agucadoura,PT,41.4318,-8.7804,61.36,83,100,19.75,overcast clouds
431,Constitucion,CL,-35.3333,-72.4167,58.75,83,6,13.89,clear sky
432,Jinxiang,CN,27.4327,120.6062,60.49,93,100,7.94,overcast clouds
433,Batagay-Alyta,RU,67.8006,130.4114,-23.15,93,61,4.72,broken clouds
434,Korla,CN,41.7597,86.1469,32.2,60,2,5.86,clear sky
435,Nuuk,GL,64.1835,-51.7216,27.21,100,100,3.44,overcast clouds
436,Qingdao,CN,36.0986,120.3719,35.2,93,1,2.24,mist
437,Kozlovo,RU,56.5167,36.2667,28.65,77,53,3.56,broken clouds
438,Rameshki,RU,57.3439,36.0453,27.54,81,62,3.4,broken clouds
439,San Luis,AR,-33.295,-66.3356,68.65,30,0,8.1,clear sky
440,Henties Bay,NA,-22.116,14.2845,59.05,95,1,0.51,clear sky
441,Poum,NC,-20.2333,164.0167,76.69,78,68,2.68,broken clouds
442,Planadas,CO,3.197,-75.6451,75.63,92,81,2.55,broken clouds
443,Nome,US,64.5011,-165.4064,10.47,73,0,0.0,clear sky
444,Pasni,PK,25.2631,63.471,77.36,67,0,5.03,clear sky
445,Bontang,ID,0.1333,117.5,79.07,86,100,3.65,heavy intensity rain
446,Ust-Nera,RU,64.5667,143.2,-14.04,98,100,6.46,overcast clouds
447,Kodinsk,RU,58.6881,99.1844,-2.42,98,78,2.86,broken clouds
448,Taylor,US,32.3001,-99.8337,51.53,58,0,20.71,clear sky
449,Shache,CN,38.4167,77.2406,35.01,39,1,2.39,clear sky
450,Jayanca,PE,-6.3908,-79.8219,65.8,74,33,11.48,scattered clouds
451,Kulhudhuffushi,MV,6.6221,73.07,81.21,75,99,7.67,moderate rain
452,Auki,SB,-8.7676,160.7034,85.71,62,9,3.06,clear sky
453,Fairbanks,US,64.8378,-147.7164,28.6,91,100,5.75,light snow
454,Skjervoy,NO,70.0311,20.9714,37.4,70,100,10.11,overcast clouds
455,Vila Velha,BR,-20.3297,-40.2925,76.95,88,75,10.36,broken clouds
456,Boralday,KZ,43.3578,76.8594,33.66,69,75,4.47,broken clouds
457,Marzuq,YE,14.4,46.4667,60.55,59,2,1.3,clear sky
458,Leshukonskoye,RU,64.8989,45.7622,8.94,98,69,0.36,broken clouds
459,Mayo,US,38.8876,-76.5119,46.35,75,0,3.44,clear sky
460,Sammamish,US,47.6418,-122.0804,52.75,71,0,1.99,clear sky
461,Port-Gentil,GA,-0.7193,8.7815,78.76,89,40,3.44,scattered clouds
462,Kawalu,ID,-7.3817,108.2082,75.7,92,99,0.56,overcast clouds
463,Lagoa,PT,39.05,-27.9833,62.29,75,38,14.58,scattered clouds
464,Birao,CF,10.2849,22.7882,69.94,31,54,5.37,broken clouds
465,Buin,CL,-33.7333,-70.75,82.72,34,6,1.43,clear sky
466,Praia,CV,14.9215,-23.5087,75.74,73,40,13.8,scattered clouds
467,Pozhva,RU,59.0912,56.0847,13.46,83,100,11.43,overcast clouds
468,San Quintin,MX,30.4833,-115.95,64.0,50,83,8.37,broken clouds
469,Westport,US,41.1415,-73.3579,42.82,58,0,4.61,clear sky
470,Pozo Colorado,PY,-23.4923,-58.7972,69.35,50,0,6.15,clear sky
471,Sisimiut,GL,66.9395,-53.6735,23.9,93,100,17.0,light snow
472,Taunggyi,MM,20.7833,97.0333,55.35,90,53,1.25,broken clouds
473,Comodoro Rivadavia,AR,-45.8667,-67.5,73.26,28,0,24.16,clear sky
474,Manzil Salim,TN,35.8567,8.4765,58.32,49,55,4.76,broken clouds
475,Mitchell,US,43.7094,-98.0298,24.78,76,0,10.36,clear sky
476,Flin Flon,CA,54.7682,-101.865,13.84,85,40,2.3,light snow
477,Flinders,AU,-34.5833,150.8552,69.39,69,10,1.99,light rain
478,Sawtell,AU,-30.3833,153.1,81.19,47,0,6.91,clear sky
479,Yeppoon,AU,-23.1333,150.7333,85.78,59,3,4.27,clear sky
480,Fomboni,KM,-12.28,43.7425,78.4,81,15,14.65,few clouds
481,Ust-Ilimsk,RU,58.0006,102.6619,-0.56,100,97,1.41,overcast clouds
482,Haverfordwest,GB,51.8017,-4.9691,53.19,94,87,8.01,light rain
483,Sault Sainte Marie,CA,46.5168,-84.3333,32.29,59,0,4.61,clear sky
484,Abalak,RU,58.1286,68.5944,23.04,94,100,9.69,overcast clouds
485,Ashington,GB,50.9331,-0.3909,55.62,82,100,1.01,overcast clouds
486,Olenino,RU,56.2092,33.4889,30.79,78,94,2.93,overcast clouds
487,Varhaug,NO,58.6147,5.6457,51.35,74,92,23.62,overcast clouds
488,Gorontalo,ID,0.5412,123.0595,82.53,81,98,0.47,overcast clouds
489,Fulton,US,33.7668,-84.4499,50.32,56,0,12.66,clear sky
490,Oktyabrskoye,RU,43.0645,44.7417,39.34,86,100,8.95,overcast clouds
491,Minas,UY,-34.3759,-55.2377,59.85,94,100,11.61,overcast clouds
492,Belyye Berega,RU,53.2085,34.6641,28.58,69,25,1.81,scattered clouds
493,Nyrob,RU,60.733,56.7202,7.07,86,100,7.63,overcast clouds
494,Solnechnyy,RU,50.7214,136.6319,19.72,72,10,2.51,clear sky
495,Salacgriva,LV,57.7536,24.3581,41.61,84,2,8.21,clear sky
496,Takoradi,GH,4.8845,-1.7554,78.84,84,100,9.06,light rain
497,Nishihara,JP,26.1842,127.7558,72.68,76,75,9.22,broken clouds
498,Qaqortoq,GL,60.7167,-46.0333,25.75,86,98,6.51,overcast clouds
499,Hamilton,US,39.1834,-84.5333,39.09,67,0,8.05,clear sky
500,Babu,CN,24.4167,111.5167,61.2,64,100,4.34,overcast clouds
501,Bratsk,RU,56.1325,101.6142,27.09,96,100,2.21,light snow
502,Teeli,RU,51.0333,90.2333,9.93,91,99,0.94,overcast clouds
503,Kununurra,AU,-15.7667,128.7333,87.78,66,48,10.36,scattered clouds
504,San Angelo,US,31.4638,-100.437,56.59,42,75,19.57,broken clouds
505,Petrozavodsk,RU,61.7849,34.3469,31.48,100,77,4.47,light snow
506,San Rafael,AR,-34.6177,-68.3301,72.37,30,0,9.62,clear sky
507,Guadalupe Victoria,MX,32.2869,-115.105,72.95,15,58,7.94,broken clouds
508,Pryazha,RU,61.6926,33.6216,31.24,99,95,1.41,overcast clouds
509,Thinadhoo,MV,0.5333,72.9333,81.81,77,99,14.29,overcast clouds
510,Keratea,GR,37.8073,23.9769,56.68,76,20,9.22,few clouds
511,Erdenet,MN,49.0333,104.0833,15.49,77,32,4.27,scattered clouds
512,Harrisonburg,US,38.4496,-78.8689,38.48,70,0,0.0,clear sky
513,Abomey,BJ,7.1829,1.9912,72.86,93,8,3.56,clear sky
514,Clarence Town,AU,-32.5833,151.7833,77.14,48,3,8.28,clear sky
515,Prado,BR,-17.3411,-39.2208,76.46,90,39,13.69,scattered clouds
516,Kashima,JP,33.1061,130.0906,63.75,57,82,6.08,broken clouds
517,Cayenne,GF,4.9333,-52.3333,80.64,83,0,8.05,clear sky
518,Conde,BR,-7.2597,-34.9075,78.26,78,20,5.75,few clouds
519,Srednekolymsk,RU,67.45,153.6833,-30.84,97,36,5.12,scattered clouds
520,Dukat,RU,62.55,155.55,-6.25,78,22,2.51,few clouds
521,Zhangjiakou,CN,40.81,114.8794,33.78,49,0,6.33,clear sky
522,Vagur,FO,61.4732,-6.8119,48.96,87,100,33.24,overcast clouds
523,Atar,MR,20.5169,-13.0499,83.61,16,47,12.97,scattered clouds
524,Milkovo,RU,54.7167,158.6167,23.47,95,100,2.08,snow
525,Iwanai,JP,42.9744,140.5089,39.67,88,97,5.44,light rain
526,Kurashiki,JP,34.5833,133.7667,54.64,56,21,3.62,few clouds
527,Ballina,AU,-28.8667,153.5667,80.78,51,0,3.71,clear sky
528,Richards Bay,ZA,-28.783,32.0377,66.27,78,34,1.5,scattered clouds
529,Mangrol,IN,21.1167,70.1167,75.11,55,0,7.09,clear sky
530,Pleshanovo,RU,52.8333,53.4833,23.11,87,100,17.87,overcast clouds
531,Manta,EC,-0.95,-80.7333,73.18,73,0,12.66,clear sky
532,Olafsvik,IS,64.8945,-23.7142,44.51,79,76,6.53,broken clouds
533,Buchmany,UA,51.0689,28.0421,36.61,86,99,5.97,overcast clouds
534,Biak,ID,-0.9131,122.8766,81.68,70,100,2.35,overcast clouds
535,Shar,KZ,49.5886,81.0453,40.84,86,100,25.68,moderate rain
536,Hulja,EE,59.3522,26.2179,39.45,90,100,10.85,overcast clouds
537,West Wendover,US,40.7391,-114.0733,36.61,52,0,5.75,clear sky
538,Kranuan,TH,16.7067,103.0788,75.42,79,88,2.37,overcast clouds
539,Kiknur,RU,57.3034,47.2011,23.67,72,100,14.43,overcast clouds
540,Bulungu,CD,-4.55,18.6,70.09,97,100,2.24,overcast clouds
541,Kantunilkin,MX,21.0917,-87.45,75.74,73,11,4.94,few clouds
542,Beirut,LB,33.8889,35.4944,66.94,60,20,4.61,few clouds
543,Grindavik,IS,63.8424,-22.4338,44.55,87,75,8.05,broken clouds
544,El Cobre,CU,20.0489,-75.9469,81.84,78,40,5.75,scattered clouds
545,Norfolk,US,42.1668,-71.2495,38.68,64,0,6.91,clear sky
546,Vila,PT,42.0304,-8.1588,49.08,91,100,9.78,light rain
547,Galle,LK,6.0367,80.217,75.09,86,100,4.56,overcast clouds
548,Kloulklubed,PW,7.0419,134.2556,77.5,74,100,11.79,overcast clouds
549,Iquique,CL,-20.2208,-70.1431,64.44,80,33,2.8,scattered clouds
550,Grand-Santi,GF,4.25,-54.3833,75.88,85,75,2.82,broken clouds
551,Nador,MA,35.174,-2.9287,64.65,68,0,3.44,clear sky
552,Usman,RU,52.0466,39.7288,21.24,74,4,6.91,clear sky
553,Nagato,JP,34.3833,131.2,57.85,71,93,6.2,overcast clouds
554,Bethal,ZA,-26.4579,29.4655,53.55,95,2,4.12,clear sky
555,Darnah,LY,32.767,22.6367,64.26,72,2,11.45,clear sky
556,Matara,LK,5.9485,80.5353,73.58,90,100,4.14,overcast clouds
557,Sioux Lookout,CA,50.1001,-91.917,19.47,93,100,4.61,overcast clouds
558,Huilong,CN,31.8111,121.655,54.93,58,58,7.85,broken clouds
559,Waw,SS,7.7029,27.9953,74.26,37,75,4.27,broken clouds
560,Quilmana,PE,-12.95,-76.3833,65.98,78,58,5.26,broken clouds
561,Cumadcad,PH,12.9806,123.7892,82.13,78,99,8.99,moderate rain
562,Semirom,IR,31.4167,51.5667,38.1,58,0,5.48,clear sky
563,Lodja,CD,-3.4833,23.4333,67.62,98,86,1.23,overcast clouds
564,Kontagora,NG,10.3999,5.4695,72.72,25,39,6.22,scattered clouds
565,Sabang,ID,5.8933,95.3214,80.11,77,100,11.48,light rain
566,Sydney,AU,-33.8679,151.2073,75.58,54,6,5.99,clear sky
567,Boguchany,RU,58.3814,97.4531,7.03,92,100,5.21,light snow
568,Lucapa,AO,-8.4192,20.7447,63.25,98,70,2.19,broken clouds
569,Buzdyak,RU,54.5833,54.55,21.74,92,100,14.99,light snow
570,Maghar,IL,32.8898,35.407,63.46,69,10,3.53,clear sky
571,Praia Da Vitoria,PT,38.7333,-27.0667,62.85,100,75,12.62,light intensity drizzle rain
572,Lethem,GY,3.3803,-59.7968,80.08,75,59,5.68,broken clouds
573,Kanye,BW,-24.9667,25.3327,63.63,70,24,14.72,few clouds
574,Belvedere Marittimo,IT,39.6179,15.8617,54.12,79,74,3.85,broken clouds
575,Luwingu,ZM,-10.2621,29.9271,63.19,91,91,1.99,light rain
576,Kampene,CD,-3.6,26.6667,67.53,99,89,0.36,light rain
577,Eureka,US,40.8021,-124.1637,58.19,83,0,1.01,clear sky
578,Vereya,RU,55.3447,36.1719,26.69,79,44,3.33,scattered clouds
579,Dubai,AE,25.2582,55.3047,76.93,69,0,5.75,clear sky
580,Saint-Augustin,CA,51.226,-58.6502,28.4,94,100,17.76,snow
581,Lengshuitan,CN,26.4111,111.5956,53.01,78,100,3.36,overcast clouds
582,Meulaboh,ID,4.1363,96.1285,74.5,94,100,5.61,overcast clouds
583,Aykhal,RU,66.0,111.5,-20.63,100,55,4.61,broken clouds
584,Tilichiki,RU,60.4667,166.1,19.65,96,100,11.36,light snow
585,Hirtshals,DK,57.5881,9.9592,50.18,80,100,14.76,overcast clouds
586,Ilhabela,BR,-23.7781,-45.3581,74.86,90,94,4.81,overcast clouds
587,Baykit,RU,61.67,96.37,-6.41,97,98,3.98,overcast clouds
588,Nurota,UZ,40.5614,65.6886,47.41,60,97,17.31,overcast clouds
589,Dongsheng,CN,39.8161,109.9776,30.27,39,0,6.11,clear sky
590,Braives,BE,50.6172,5.1351,55.31,92,99,13.82,overcast clouds
591,Seminole,US,28.7086,-81.2081,75.47,88,100,9.22,overcast clouds
592,Snyder,US,32.7179,-100.9176,44.31,48,0,16.11,clear sky
593,Nisia Floresta,BR,-6.0911,-35.2086,79.61,81,21,9.62,few clouds
594,Jabinyanah,TN,35.035,10.9081,60.6,48,0,10.56,clear sky
595,Qasigiannguit,GL,68.8193,-51.1922,24.46,88,96,10.25,overcast clouds
596,Baft,IR,29.234,56.6057,47.3,63,2,2.64,clear sky
597,Havoysund,NO,70.9963,24.6622,41.23,70,100,22.08,overcast clouds
598,Taltal,CL,-25.4,-70.4833,64.85,72,22,5.08,few clouds
599,Besikduzu,TR,41.052,39.2284,55.29,83,80,2.62,broken clouds
600,Mulege,MX,26.8833,-111.9833,68.52,43,60,13.67,broken clouds
601,Kasongo-Lunda,CD,-6.4667,16.8167,68.49,96,100,1.52,overcast clouds
602,Caiaponia,BR,-16.9567,-51.8103,70.09,84,79,3.42,broken clouds
603,Bosobolo,CD,4.1833,19.9,70.77,79,52,1.45,broken clouds
604,Karratha,AU,-20.7377,116.8463,78.53,51,0,4.05,light rain
605,Consuelo,PH,10.6348,124.301,83.46,74,100,8.03,overcast clouds
606,Eyl,SO,7.9803,49.8164,77.02,76,74,11.3,broken clouds
607,Troy,US,42.6056,-83.1499,38.57,62,50,1.01,scattered clouds
608,Manono,CD,-7.3,27.4167,68.23,96,73,3.18,light rain
609,Champerico,GT,14.3,-91.9167,86.54,80,36,6.42,scattered clouds
610,Batagay,RU,67.6333,134.6333,-30.35,100,80,2.42,broken clouds
611,Beloha,MG,-25.1667,45.05,74.46,82,100,2.77,overcast clouds
612,Lahij,YE,13.1667,44.5833,69.62,82,1,3.56,clear sky
613,Pangkalanbuun,ID,-2.6833,111.6167,75.83,96,100,1.41,overcast clouds
614,Bindura,ZW,-17.3019,31.3306,64.53,86,98,3.74,overcast clouds
615,Muros,ES,42.7762,-9.0603,62.83,81,100,27.38,moderate rain
616,Itapetininga,BR,-23.5917,-48.0531,71.64,77,29,4.36,scattered clouds
617,Slobozia,MD,46.7281,29.7078,41.61,72,99,4.05,overcast clouds
618,Surt,LY,31.2089,16.5887,66.81,59,0,6.51,clear sky
619,Fayaoue,NC,-20.65,166.5333,76.64,71,18,5.91,few clouds
620,Bilma,NE,18.6853,12.9164,67.19,23,1,9.04,clear sky
621,Keetmanshoop,NA,-26.5833,18.1333,69.08,20,1,8.25,clear sky
622,Young,UY,-32.6833,-57.6333,63.54,63,76,5.48,broken clouds
623,Kysyl-Syr,RU,63.8986,122.7617,-33.3,100,69,3.53,broken clouds
624,Sorada,IN,19.75,84.4333,61.65,74,0,3.02,clear sky
625,Hokitika,NZ,-42.7167,170.9667,63.37,67,100,8.1,overcast clouds
626,Dourbali,TD,11.8091,15.8632,76.51,23,100,9.1,overcast clouds
627,Launceston,AU,-41.45,147.1667,56.8,79,100,5.75,overcast clouds
628,Glendive,US,47.1053,-104.7125,24.49,88,100,11.5,overcast clouds
629,Namtsy,RU,62.7161,129.6658,-31.67,98,37,5.37,scattered clouds
630,Mezen,RU,65.8522,44.24,22.6,94,100,2.44,overcast clouds
631,Porto Seguro,BR,-16.4497,-39.0647,77.52,94,40,11.5,scattered clouds
632,Menongue,AO,-14.6585,17.691,65.21,74,75,5.03,broken clouds
633,Shingu,JP,33.7333,135.9833,58.21,57,60,4.03,broken clouds
634,Palu,ID,-0.8917,119.8707,77.49,93,100,2.13,overcast clouds
635,Ladan,UA,50.5196,32.5818,34.41,82,94,3.67,overcast clouds
636,Yenagoa,NG,4.9247,6.2642,76.01,89,77,4.27,broken clouds
637,Asau,RO,46.4333,26.4,40.28,87,55,2.71,broken clouds
638,Sisophon,KH,13.5859,102.9737,76.28,90,89,3.22,overcast clouds
639,Balikpapan,ID,-1.2675,116.8289,76.19,100,40,3.44,light rain
640,Abeche,TD,13.8292,20.8324,72.61,23,56,9.8,broken clouds
641,Kushima,JP,31.4583,131.2333,63.19,69,97,8.1,overcast clouds
642,Sulangan,PH,11.1373,123.7228,82.98,77,100,9.93,overcast clouds
643,Huambo,AO,-12.7761,15.7392,63.54,70,100,4.21,overcast clouds
644,Chau Doc,VN,10.7,105.1167,77.2,92,88,2.44,overcast clouds
645,Grants,US,35.1473,-107.8514,43.03,33,0,9.22,clear sky
646,Santo Domingo,DO,18.5001,-69.9886,79.03,90,75,6.91,broken clouds
647,Ust-Kalmanka,RU,52.1207,83.305,41.09,66,90,25.39,overcast clouds
648,Kalivai,GR,35.4512,24.1735,56.82,88,40,0.0,scattered clouds
649,Cairns,AU,-16.9167,145.7667,94.06,58,61,5.75,broken clouds
650,Buta,CD,2.7858,24.73,68.49,89,14,1.97,few clouds
651,Siljan,NO,59.2884,9.71,43.18,88,100,3.53,overcast clouds
652,Araouane,ML,18.9048,-3.5265,79.77,17,100,6.98,overcast clouds
653,Sembakung,ID,3.8167,117.25,78.89,82,100,2.26,overcast clouds
654,Waipawa,NZ,-41.4122,175.5153,69.33,52,0,7.54,clear sky
655,Astakos,GR,38.5356,21.0814,59.7,80,5,2.86,clear sky
656,Nova Odesa,UA,47.3078,31.7851,38.57,78,89,5.64,overcast clouds
657,Irtyshskiy,RU,58.3333,68.1333,21.09,93,100,11.9,overcast clouds
658,Firovo,RU,57.4814,33.7021,31.05,82,100,4.05,overcast clouds
659,Palauig,PH,15.435,119.9045,83.55,67,57,2.68,broken clouds
660,Huarmey,PE,-10.0681,-78.1522,65.62,80,57,8.5,broken clouds
661,Marawi,PH,7.9986,124.2928,75.07,79,100,0.87,overcast clouds
662,Sampit,ID,-2.5333,112.95,77.23,93,100,1.77,light rain
663,Eldama Ravine,KE,0.0516,35.7308,56.46,92,100,2.48,light rain
664,Asfi,MA,32.2994,-9.2372,67.21,66,46,6.42,scattered clouds
665,Nadym,RU,65.5333,72.5167,-6.25,84,100,10.83,overcast clouds
666,Ashqelon,IL,31.6693,34.5715,67.89,72,24,9.06,few clouds
667,Tongliao,CN,43.6125,122.2653,24.03,78,3,5.06,clear sky
668,Pichayevo,RU,53.2363,42.2032,28.6,76,58,11.23,broken clouds
669,Khorixas,NA,-20.3667,14.9667,64.02,44,0,2.44,clear sky
670,Bacolod,PH,10.6667,122.95,82.98,75,99,4.76,overcast clouds
